OBJECTID,TRIFID,CHEMNAME,TTLAIR,TTLSURFWAT
"1",06349NVLSBCRYST,LEAD,0,0
"2",06349NVLSBCRYST,LEAD,0,0
"3",06457MDDLT1866R,"SULFURIC ACID (1994 AND AFTER ""ACID AEROSOLS"" ONLY)",12000,0
"4",06457MDDLT1866R,AMMONIA,2500,250
"5",06457MDDLT1866R,"BENZO(G,H,I)PERYLENE",0.06,0.05
"6",06457MDDLT1866R,DIOXIN AND DIOXIN-LIKE COMPOUNDS,0.36,0
"7",06457MDDLT1866R,POLYCYCLIC AROMATIC COMPOUNDS,0.42,4
"8",06457MDDLT1866R,LEAD COMPOUNDS,39,22
"9",06460CPCNC15216,XYLENE (MIXED ISOMERS),255,0
"10",06460CPCNC15216,METHYL ISOBUTYL KETONE,255,0
"11",06460MLFRD1553B,ALUMINUM (FUME OR DUST),0,0
"12",06460MLFRD1553B,COPPER,0,0
"13",06460MLFRD1553B,DICHLOROMETHANE,5320,0
"14",06460MLFRD1553B,ZINC (FUME OR DUST),0,0
"15",06430MTLSP515CO,LEAD,5,0
"16",06443NTNLSHERIT,AMMONIA,0,0
"17",06443NTNLSHERIT,COPPER,0,0
"18",06450GCNC 106EV,"BENZO(G,H,I)PERYLENE",11.4,0
"19",06450GCNC 106EV,NITRIC ACID,0,0
"20",06450GCNC 106EV,POLYCYCLIC AROMATIC COMPOUNDS,1058.2,0
"21",06787DRWNM101EL,COPPER,0,0
"22",06787DRWNM101EL,LEAD,0,0
"23",06787SMMTC1430W,COPPER COMPOUNDS,240,74.4
"24",06787SMMTC1430W,CYANIDE COMPOUNDS,420,11.27
"25",06787SMMTC1430W,LEAD COMPOUNDS,160,0.5
"26",06787SMMTC1430W,NICKEL COMPOUNDS,440,117.2
"27",06787SMMTC1430W,NITRIC ACID,2560,0
"28",06787SMMTC1430W,NITRATE COMPOUNDS,0,88024
"29",06787YLTSF45OLD,CHROMIUM,0,0
"30",06787YLTSF45OLD,COPPER,0,0
"31",06787YLTSF45OLD,MANGANESE,0,0
"32",06787YLTSF45OLD,NICKEL,0,0
"33",06790LLNCC180CH,DIISOCYANATES,,0
"34",06460WRNRL10WEB,CHROMIUM,0,0
"35",06460WRNRL10WEB,POLYCYCLIC AROMATIC COMPOUNDS,0.01,0
"36",06460WRNRL10WEB,AMMONIA,15,0
"37",06460WRNRL10WEB,"BENZO(G,H,I)PERYLENE",0.008,0
"38",06468VTRMNROUTE,LEAD COMPOUNDS,2.5,0
"39",06468VTRMNROUTE,DICHLOROMETHANE,59671,0
"40",06468VTRMNROUTE,BARIUM COMPOUNDS,500,5
"41",06470HBBLL14PRO,COPPER,0,0
"42",06470HBBLL14PRO,NICKEL,0,0
"43",06470HBBLL14PRO,MANGANESE,0,0
"44",06470HBBLL14PRO,CHROMIUM,0,0
"45",06470HBBLL14PRO,ANTIMONY COMPOUNDS,0,0
"46",06470HBBLL14PRO,LEAD COMPOUNDS,0,0
"47",06470TLCNC9BUTO,POLYCYCLIC AROMATIC COMPOUNDS,0,0
"48",06470TLCNC9BUTO,"BENZO(G,H,I)PERYLENE",0,0
"49",06040NSNNG171UT,NICKEL,10,0
"50",06040NSNNG171UT,CHROMIUM,10,0
"51",06040PHLCD90PRO,COPPER,0,0.18
"52",06043SYNDT201BO,ETHYLENE GLYCOL,0,0
"53",06043SYNDT201BO,MIXTURE,0,0
"54",06043SYNDT201BO,HYDROGEN FLUORIDE,0,0
"55",06043SYNDT201BO,METHANOL,0,0
"56",06473NTDLM100UN,LEAD COMPOUNDS,0,0
"57",06473NTDST195MC,"2-CHLORO-1,1,1,2-TETRAFLUOROETHANE",187000,0
"58",06473NTDST195MC,DICHLOROMETHANE,9400,0
"59",06473NTDST195MC,ETHYLENE GLYCOL,,0
"60",06473NTDST195MC,ETHYLENE OXIDE,460,0
"61",06795PHLSN1465M,NITRATE COMPOUNDS,0,0
"62",06795PHLSN1465M,NITRIC ACID,1150,0
"63",06795TTCNC169CA,CHROMIUM,0,0
"64",06795TTCNC169CA,NICKEL,0,0
"65",06795YLMTC1SEEM,TRICHLOROETHYLENE,37856,0
"66",06795YLMTC1SEEM,COPPER,0,0
"67",06057SYNTC29IND,N-HEXANE,294,0
"68",06057SYNTC29IND,TOLUENE,2828,0
"69",06478KNNTH114WI,LEAD,0,0
"70",06479SPRML455AT,COPPER,0,0
"71",06479SPRML455AT,DICHLOROMETHANE,15777,0
"72",06479SPRML455AT,LEAD,0,0
"73",06480TRRMC171BR,"BENZO(G,H,I)PERYLENE",,0
"74",06480TRRMC171BR,POLYCYCLIC AROMATIC COMPOUNDS,,0
"75",06483MCRBR4PROG,LEAD,0,0
"76",06483THKRT49DAY,2-MERCAPTOBENZOTHIAZOLE,0,0
"77",06483THKRT49DAY,COPPER,0,12
"78",06483THKRT49DAY,DIISOCYANATES,0,0
"79",06483THKRT49DAY,LEAD COMPOUNDS,62,23
"80",06483THKRT49DAY,ZINC COMPOUNDS,1,77
"81",06801VTTCR7TRWB,NICKEL,0,0
"82",06801VTTCR7TRWB,LEAD,0,0
"83",06810HLCL SHELT,LEAD,0,0
"84",06810HLCL SHELT,COPPER,0,0
"85",06076CNNC RIVER,FORMALDEHYDE,6910,0
"86",06076CNNC RIVER,PHENOL,230,0
"87",06488RMNTC1200M,TRICHLOROETHYLENE,13322.75,0
"88",06489LGHTM270SP,NITRIC ACID,780,0
"89",06489LGHTM270SP,NITRATE COMPOUNDS,0,0
"90",06810TNCNS9SOUT,LEAD,0.007,0
"91",06813THBRD200PA,"BENZO(G,H,I)PERYLENE",,0
"92",06813THBRD200PA,METHANOL,,0
"93",06813THBRD200PA,POLYCYCLIC AROMATIC COMPOUNDS,,0
"94",06082NCLCR230SH,METHANOL,210,0
"95",06082NCLCR230SH,"N,N-DIMETHYLFORMAMIDE",470,0
"96",06492CYRNDSOUTH,ACRYLONITRILE,234,0
"97",06492CYRNDSOUTH,ETHYL ACRYLATE,208,0
"98",06492CYRNDSOUTH,METHYL METHACRYLATE,2364,0
"99",06492CYRNDSOUTH,STYRENE,328,0
"100",06492CYRNDSOUTH,TOLUENE,13043,0
"101",06492MTKNC21TOE,COBALT,250,5
"102",06492MTKNC21TOE,COPPER,250,5
"103",06492MTKNC21TOE,NICKEL,250,5
"104",06492MTKNC21TOE,TRICHLOROETHYLENE,32678,0
"105",06492MTKNC21TOE,ZINC COMPOUNDS,0,0
"106",06854NRWLKMANRE,AMMONIA,8500,250
"107",06854NRWLKMANRE,"BENZO(G,H,I)PERYLENE",0.05,0
"108",06854NRWLKMANRE,DIOXIN AND DIOXIN-LIKE COMPOUNDS,0.2,0
"109",06854NRWLKMANRE,LEAD COMPOUNDS,33.8,0.1
"110",06854NRWLKMANRE,POLYCYCLIC AROMATIC COMPOUNDS,0.37,0.27
"111",06854NRWLKMANRE,"SULFURIC ACID (1994 AND AFTER ""ACID AEROSOLS"" ONLY)",5400,0
"112",06106TLCNC1WEST,NITRATE COMPOUNDS,0,0
"113",06106TLCNC1WEST,LEAD,0,0
"114",06108DRFLX95GOO,METHYL METHACRYLATE,1940,0
"115",06108PRTTW400MA,AMMONIA,14330,0
"116",06108PRTTW400MA,"BENZO(G,H,I)PERYLENE",0,0
"117",06108PRTTW400MA,CHROMIUM,53,26
"118",06108PRTTW400MA,COBALT,17,26
"119",06108PRTTW400MA,COPPER,51,197
"120",06108PRTTW400MA,HYDROGEN FLUORIDE,80,0
"121",06108PRTTW400MA,NICKEL COMPOUNDS,354,123
"122",06108PRTTW400MA,NITRIC ACID,93,0
"123",06108PRTTW400MA,POLYCYCLIC AROMATIC COMPOUNDS,0,0
"124",06108PRTTW400MA,NITRATE COMPOUNDS,0,0
"125",06110BBTTBRAILR,CHROMIUM,0,18.57
"126",06110BBTTBRAILR,NITRIC ACID,305,0
"127",06497MBLMR1370H,FORMALDEHYDE,,0
"128",06497MBLMR1370H,METHANOL,,0
"129",06497SRTMR125ON,ACRYLIC ACID,500,0
"130",06497SRTMR125ON,ZINC COMPOUNDS,500,5
"131",06095TYLRF22DEE,CHROMIUM,137,0
"132",06095TYLRF22DEE,NICKEL,0,0
"133",06095TYLRF22DEE,LEAD,6.98,0.64
"134",06098HWMTCPRICE,CHROMIUM,0,0
"135",06098HWMTCPRICE,COBALT,0,0
"136",06098HWMTCPRICE,NICKEL,0,0
"137",06506NWHVN1WATE,"BENZO(G,H,I)PERYLENE",0.1000002,0
"138",06506NWHVN1WATE,DIOXIN AND DIOXIN-LIKE COMPOUNDS,0.451,0
"139",06506NWHVN1WATE,POLYCYCLIC AROMATIC COMPOUNDS,0.6175055,0
"140",06512GTTYT85FOR,"1,2,4-TRIMETHYLBENZENE",0,0
"141",06512GTTYT85FOR,N-HEXANE,0,0
"142",06512GTTYT85FOR,NAPHTHALENE,0,0
"143",06512GTTYT85FOR,POLYCYCLIC AROMATIC COMPOUNDS,0,0
"144",06512GTTYT85FOR,XYLENE (MIXED ISOMERS),0,0
"145",06514MPHNL720SH,COPPER COMPOUNDS,0,0
"146",06516DTSCH14FAR,TOLUENE,2081,0
"147",06516DTSCH14FAR,"N,N-DIMETHYLFORMAMIDE",1020,0
"148",06516DTSCH14FAR,CERTAIN GLYCOL ETHERS,394,0
"149",06516NTHNN350FR,CERTAIN GLYCOL ETHERS,1472,0
"150",06516NTHNN350FR,COPPER COMPOUNDS,0,0
"151",06516NTHNN350FR,LEAD,0,0
"152",06241NTNLPBOX41,ANTIMONY COMPOUNDS,1453,0
"153",06241NTNLPBOX41,ARSENIC COMPOUNDS,0,0
"154",06241NTNLPBOX41,DECABROMODIPHENYL OXIDE,1899,0
"155",06241NTNLPBOX41,LEAD COMPOUNDS,66,0
"156",06241NTNLPBOX41,ZINC COMPOUNDS,0,0
"157",06524CRBLB443FA,MERCURY COMPOUNDS,0,0
"158",06604BRDGP1ATLA,BARIUM COMPOUNDS,1127.35,1.4
"159",06604BRDGP1ATLA,"BENZO(G,H,I)PERYLENE",0.0426,0
"160",06604BRDGP1ATLA,DIOXIN AND DIOXIN-LIKE COMPOUNDS,2.06,0
"161",06604BRDGP1ATLA,"HYDROCHLORIC ACID (1995 AND AFTER ""ACID AEROSOLS"" ONLY)",63048,0
"162",06604BRDGP1ATLA,LEAD COMPOUNDS,549.78,1.32
"163",06604BRDGP1ATLA,MERCURY COMPOUNDS,47.338,0.053
"164",06604BRDGP1ATLA,NAPHTHALENE,0,0
"165",06604BRDGP1ATLA,POLYCYCLIC AROMATIC COMPOUNDS,1.615,0
"166",06355MRCLC950FL,FORMALDEHYDE,255,0
"167",06607CNNCT128LO,NITRIC ACID,10,0
"168",06260NTNLCSENEX,LEAD,0,0
"169",06320SHFFL17BRA,POLYCYCLIC AROMATIC COMPOUNDS,708,0
"170",06615FDTMT905HO,LEAD,0.026,0
"171",06702SPCLT574EA,TRICHLOROETHYLENE,1000,0
"172",06702WTRBR31131,ALUMINUM (FUME OR DUST),0,0
"173",06702WTRBR31131,COPPER COMPOUNDS,0,0
"174",06702WTRBR31131,LEAD COMPOUNDS,0,0
"175",06702WTRBR31131,ZINC COMPOUNDS,0,0
"176",06704SDLNC1875T,NITRATE COMPOUNDS,0,27888
"177",06704SDLNC1875T,NITRIC ACID,144,0
"178",06382STNCN125DE,CHLORINE DIOXIDE,2677,0
"179",06382STNCN125DE,LEAD COMPOUNDS,0,0
"180",06706SMRST215PI,CHROMIUM,0,2.68
"181",06706SMRST215PI,COPPER,0,31.278
"182",06706SMRST215PI,DICHLOROMETHANE,156923,0
"183",06706SMRST215PI,LEAD,0,1.827
"184",06706SMRST215PI,NICKEL,0,2.73
"185",06706SMRST215PI,ZINC COMPOUNDS,0,39.5
"186",06708MRRRP346HU,LEAD COMPOUNDS,0,0
"187",06708MRRRP346HU,CHROMIUM COMPOUNDS(EXCEPT CHROMITE ORE MINED IN THE TRANSVAAL REGION),255,0
"188",06708NVMTL361BR,"SULFURIC ACID (1994 AND AFTER ""ACID AEROSOLS"" ONLY)",0,0
"189",06708NVMTL361BR,"HYDROCHLORIC ACID (1995 AND AFTER ""ACID AEROSOLS"" ONLY)",0,0
"190",06410MCRTC1425M,LEAD COMPOUNDS,0.13,0
"191",06712PRSPC139UN,COPPER,0,0
"192",06721PHNXS130FR,"BENZO(G,H,I)PERYLENE",0,3.8
"193",06721PHNXS130FR,LEAD COMPOUNDS,4.91,8
"194",06721PHNXS130FR,MERCURY,14.99,0.38
"195",06721PHNXS130FR,POLYCHLORINATED BIPHENYLS,,0
"196",06721PHNXS130FR,POLYCYCLIC AROMATIC COMPOUNDS,0,11.27
"197",06002JCBSM22EAS,DICHLOROMETHANE,8393,0
"198",06010LCKNT575BI,LEAD COMPOUNDS,0.13,0.18
"199",06010PQCNT95DOL,LEAD,100,0
"200",06026NLSNH2CONN,DECABROMODIPHENYL OXIDE,45,0
"201",06026NLSNH2CONN,LEAD COMPOUNDS,0.1,0
"202",06026WNDSR7CONN,NICKEL,5,0
"203",06033HGHWY239CO,LEAD,39.35,44.52
"204",06852KNGNDSCIEN,METHANOL,3242,0
"205",06852KNGNDSCIEN,METHYL ISOBUTYL KETONE,136,0
"206",06852KNGNDSCIEN,N-BUTYL ALCOHOL,32,0
"207",06852KNGNDSCIEN,NAPHTHALENE,112,0
"208",06852KNGNDSCIEN,NITROBENZENE,144,0
"209",06852KNGNDSCIEN,XYLENE (MIXED ISOMERS),322,0
"210",06852KNGNDSCIEN,ZINC COMPOUNDS,3,38.3
"211",06852KNGNDSCIEN,BARIUM,3,0
"212",06852KNGNDSCIEN,CERTAIN GLYCOL ETHERS,22,0
"213",06852KNGNDSCIEN,ETHYLBENZENE,38,0
"214",06852KNGNDSCIEN,ETHYLENE GLYCOL,2.84,0
"215",06096THDXTTWOEL,AMMONIA,65839,178
"216",06096THDXTTWOEL,DIOXIN AND DIOXIN-LIKE COMPOUNDS,0,0
"217",06051WNSLW23STC,CHROMIUM,0,0
"218",06051WNSLW23STC,NICKEL,0,0
"219",06010MTLFN60WOO,CHLORINE,415,0
"220",06010MTLFN60WOO,CYANIDE COMPOUNDS,1.72,0
"221",06010MTLFN60WOO,"HYDROCHLORIC ACID (1995 AND AFTER ""ACID AEROSOLS"" ONLY)",2150.6,0
"222",06010MTLFN60WOO,LEAD COMPOUNDS,0,0.07
"223",06010MTLFN60WOO,NITRATE COMPOUNDS,0,0
"224",06010MTLFN60WOO,NITRIC ACID,339.8,0
"225",06010MTLFN60WOO,ZINC COMPOUNDS,0.58,2.52
"226",06010MTLFN60WOO,NICKEL COMPOUNDS,1.12,0
"227",06010STRNP110HA,DICHLOROMETHANE,10890,0
"228",06010THSPR300BR,CHROMIUM COMPOUNDS(EXCEPT CHROMITE ORE MINED IN THE TRANSVAAL REGION),0,6.8
"229",06010THSPR300BR,MANGANESE COMPOUNDS,0,6.8
"230",06010THSPR300BR,NICKEL COMPOUNDS,0,6.8
"231",06023STNCH401BE,BUTYL ACRYLATE,255,0
"232",06023STNCH401BE,ETHYL ACRYLATE,,0
"233",06023STNCH401BE,METHYL ACRYLATE,,0
"234",06023STNCH401BE,METHYL METHACRYLATE,,0
"235",06023STNCH401BE,STYRENE,255,0
"236",06023STNCH401BE,VINYL ACETATE,255,0
"237",06029SYNMR344SO,STYRENE,2090,0
"238",06457TXTCH150IN,TOLUENE,11724,0
"239",06460LNBLN28WOO,LEAD,0,0
"240",06472FRLTL12CLI,LEAD COMPOUNDS,0.36,0
"241",06512CRRNT30TYL,PHENOL,742,0
"242",06512CRRNT30TYL,METHANOL,2224,0
"243",06513LSZCN340CH,LEAD,,0
"244",06513LSZCN340CH,NITRATE COMPOUNDS,,0
"245",06606DRSFR141NA,ETHYLENE GLYCOL,,0
"246",06810SLDRCOLDSH,DIISOCYANATES,0,0
"247",06852HCKST9WILT,TOLUENE,450,0
"248",06852HCKST9WILT,XYLENE (MIXED ISOMERS),265,0
"249",06487CHRMM113WE,CHROMIUM COMPOUNDS(EXCEPT CHROMITE ORE MINED IN THE TRANSVAAL REGION),2,5
"250",06487CHRMM113WE,NICKEL COMPOUNDS,12,6
"251",06487CHRMM113WE,LEAD COMPOUNDS,4,0
"252",06897PRKNL77DAN,LEAD,0.17,0
"253",06897PRKNL77DAN,MERCURY,0.02,0
"254",06076WRRNC22FUR,POLYCYCLIC AROMATIC COMPOUNDS,18.757,0
"255",06076WRRNC22FUR,"BENZO(G,H,I)PERYLENE",0.000698,0
"256",06897KNNTH84DAN,LEAD,0.08,0
"257",06902PLYCS69SOU,METHYL METHACRYLATE,17800,0
"258",06922CLRLN1BLAC,AMMONIA,75.56,0
"259",06922CLRLN1BLAC,CERTAIN GLYCOL ETHERS,0,0
"260",06922CLRLN1BLAC,P-PHENYLENEDIAMINE,0,0
"261",06001PRLNP6SECU,CERTAIN GLYCOL ETHERS,3205.84,0
"262",06001RFLXT120DA,TOLUENE,528,0
"263",06002KMNRSBLUEH,POLYCYCLIC AROMATIC COMPOUNDS,0.8,0
"264",06002KMTCSBLUEH,DICHLOROMETHANE,7190,0
"265",06002KMTCSBLUEH,METHANOL,9400,0
"266",06002KMTCSBLUEH,NITRIC ACID,1000,0
"267",06002SCHRR40EAS,TOLUENE,7097,0
"268",06010CLNHR51BRO,"1,2,4-TRIMETHYLBENZENE",0,0
"269",06010CLNHR51BRO,ALUMINUM OXIDE (FIBROUS FORMS),0,0
"270",06010CLNHR51BRO,CHROMIUM COMPOUNDS(EXCEPT CHROMITE ORE MINED IN THE TRANSVAAL REGION),0,0
"271",06010CLNHR51BRO,COPPER COMPOUNDS,0,0
"272",06010CLNHR51BRO,HYDROGEN FLUORIDE,0,0
"273",06010CLNHR51BRO,LEAD,0,0
"274",06010CLNHR51BRO,MANGANESE COMPOUNDS,0,0
"275",06010CLNHR51BRO,MERCURY,0,0
"276",06010CLNHR51BRO,MERCURY COMPOUNDS,0,0
"277",06010CLNHR51BRO,NICKEL COMPOUNDS,0,0
"278",06010CLNHR51BRO,NITRATE COMPOUNDS,0,0
"279",06010CLNHR51BRO,POLYCYCLIC AROMATIC COMPOUNDS,0,0
"280",06010CLNHR51BRO,ZINC COMPOUNDS,0,0
"281",06010LBSCR7EMME,COPPER,0,0
"282",06010LBSCR7EMME,LEAD,0,0
"283",06010NWDPR780JA,DIISOCYANATES,2.4,0
"284",06010NWDPR780JA,POLYCYCLIC AROMATIC COMPOUNDS,0.8,0
"285",06010NWDPR780JA,"BENZO(G,H,I)PERYLENE",0.0054,0
"286",06010SSCTD18MAI,CHROMIUM,10,0
"287",06010SSCTD18MAI,NICKEL,10,0
"288",06018MRCNS43CLA,LEAD COMPOUNDS,0.1,0
"289",06018QGLYCDAISE,LEAD COMPOUNDS,54.4,4
"290",06018QGLYCDAISE,MANGANESE,2,0
"291",06018QGLYCDAISE,NAPHTHALENE,,0
"292",06026THRCKBRADL,ANTIMONY COMPOUNDS,0,0
"293",06026THRCKBRADL,CHROMIUM,0,0
"294",06026THRCKBRADL,DECABROMODIPHENYL OXIDE,0,0
"295",06026THRCKBRADL,LEAD COMPOUNDS,0,0
"296",06026THRCKBRADL,NICKEL,0,0
"297",06026THRCKBRADL,ZINC COMPOUNDS,0,0
"298",06026TLCNC60SMA,NITRATE COMPOUNDS,0,0
"299",06026TLCNC60SMA,LEAD,0,0
"300",06026TLCNC60SMA,MERCURY,0,0
"301",06032TLCNC322CO,"BENZO(G,H,I)PERYLENE",0,0
"302",06032TLCNC322CO,POLYCYCLIC AROMATIC COMPOUNDS,0,0
"303",06037LNDBR675CH,AMMONIA,,0
"304",06037MHRTN225EP,CHROMIUM COMPOUNDS(EXCEPT CHROMITE ORE MINED IN THE TRANSVAAL REGION),5,0
"305",06037MHRTN225EP,COPPER COMPOUNDS,255,250
"306",06037MHRTN225EP,LEAD COMPOUNDS,1.245,7.96
"307",06037MHRTN225EP,NICKEL COMPOUNDS,500,0
"308",06037MHRTN225EP,ZINC COMPOUNDS,10,250
"309",06037MHRTN225EP,"BENZO(G,H,I)PERYLENE",0.7,0
"310",06037RHMNDOLDBR,METHYL METHACRYLATE,3719,0
"311",06040BLDRS60ADA,LEAD,0,0
"312",06040DYNMC255SH,NICKEL,10,0
"313",06040DYNMC255SH,CHROMIUM,10,0
"314",06040DYNMC967PA,NICKEL,10,0
"315",06040DYNMC967PA,CHROMIUM,10,0
"316",06040MDLVL80SHE,CHROMIUM COMPOUNDS(EXCEPT CHROMITE ORE MINED IN THE TRANSVAAL REGION),0,0
"317",06040NSNNG186AD,NICKEL,10,0
"318",06040NSNNG186AD,CHROMIUM,10,0
"319",06040NSNNG23SHE,NICKEL,10,0
"320",06040NSNNG23SHE,CHROMIUM,10,0
"321",06040PHLCB203PR,ANTIMONY COMPOUNDS,0,0
"322",06040PHLCB203PR,BARIUM COMPOUNDS,0,0
"323",06040PHLCB203PR,COPPER,0,1.16
"324",06040PHLCB203PR,DECABROMODIPHENYL OXIDE,0,0
"325",06040PHLCB203PR,LEAD COMPOUNDS,0.001726,0.21
"326",06040PHLCB203PR,ZINC COMPOUNDS,0,4.74
"327",06040TLCNC301HA,POLYCYCLIC AROMATIC COMPOUNDS,0.1,0
"328",06040TLCNC301HA,"BENZO(G,H,I)PERYLENE",0,0
"329",06040TLCNC301HA,LEAD,0,0
"330",06040TLCNC569NM,POLYCYCLIC AROMATIC COMPOUNDS,0,0
"331",06040TLCNC569NM,"BENZO(G,H,I)PERYLENE",0,0
"332",06040TLCNC569NM,LEAD,0,0
"333",06050PTRPL480JO,LEAD,1227,0.02
"334",06050THSTN600MY,LEAD,0,0
"335",06050THSTN600MY,CERTAIN GLYCOL ETHERS,33939,0
"336",06050THSTN600MY,N-BUTYL ALCOHOL,21290,0
"337",06050TLCNC642BL,POLYCYCLIC AROMATIC COMPOUNDS,0.4,0
"338",06050TLCNC642BL,"BENZO(G,H,I)PERYLENE",0,0
"339",06050TLCNC642BL,LEAD,0,0
"340",06050TLCNC642BL,NITRATE COMPOUNDS,0,0
"341",06051CMMRC326SS,COPPER,0,0
"342",06051MCRST206NE,COPPER,0,5
"343",06051MCRST206NE,LEAD,0,0
"344",06051MCRST206NE,ZINC COMPOUNDS,0,5
"345",06051PPLCT410JO,NITRIC ACID,345,0
"346",06051PPLCT410JO,ZINC COMPOUNDS,0,0
"347",06062GMSSN1CWLE,LEAD,0.39,0
"348",06062GNRLL41WOO,"BENZO(G,H,I)PERYLENE",0,0
"349",06062GNRLL41WOO,POLYCYCLIC AROMATIC COMPOUNDS,0,0
"350",06062GNRLL41WOO,STYRENE,750,0
"351",06062LSNBR272CA,LEAD,1,0
"352",06062PLNVL21FOR,NITRIC ACID,239,0
"353",06066NCLCR60EAS,MANGANESE COMPOUNDS,0,0
"354",06066NCLCR60EAS,NITRATE COMPOUNDS,0,0
"355",06066NCLCR60EAS,NITRIC ACID,0,0
"356",06070NSGNB640HO,LEAD COMPOUNDS,0.06,18.04
"357",06070THNSG660HO,BARIUM COMPOUNDS,2.9,0
"358",06070THNSG660HO,CHROMIUM COMPOUNDS(EXCEPT CHROMITE ORE MINED IN THE TRANSVAAL REGION),2.2,0
"359",06070THNSG660HO,LEAD COMPOUNDS,6.22,18.04
"360",06074KFBRC1440J,BARIUM,,0
"361",06074KFBRC1440J,HYDROGEN FLUORIDE,1072,0
"362",06074KFBRC1440J,MANGANESE,,0
"363",06075NRTHMOLDMO,"BENZO(G,H,I)PERYLENE",0,0
"364",06075NRTHMOLDMO,COPPER COMPOUNDS,4.9,1.57
"365",06075NRTHMOLDMO,LEAD COMPOUNDS,0.24,0.2
"366",06075NRTHMOLDMO,POLYCYCLIC AROMATIC COMPOUNDS,0.37,0
"367",06075NRTHMOLDMO,CERTAIN GLYCOL ETHERS,6805.3,0
"368",06075NRTHMOLDMO,NITRIC ACID,5,0
"369",06075NRTHMUPPER,POLYCYCLIC AROMATIC COMPOUNDS,0.19,0
"370",06075NRTHMUPPER,COPPER COMPOUNDS,8.9,2
"371",06076TYCPR15TYC,LEAD,0.3,0
"372",06088NRTHS250MA,MERCURY,0,0
"373",06095CTLRH625DA,COPPER,0,0
"374",06095CTNGS111GR,TOLUENE,6608,0
"375",06095CTNGS111GR,XYLENE (MIXED ISOMERS),3597,0
"376",06095GLDNN436HA,COPPER,0.205,0
"377",06095GLDNN436HA,LEAD,0.412,0
"378",06095STNDY92DEE,AMMONIA,48000,0
"379",06095STNDY92DEE,LEAD,0,3.1
"380",06095STNDY92DEE,"BENZO(G,H,I)PERYLENE",,0
"381",06095STNDY92DEE,CHROMIUM,,0
"382",06095STNDY92DEE,POLYCYCLIC AROMATIC COMPOUNDS,,0
"383",06095STNDY92DEE,MANGANESE,,0
"384",06095WNDSR169OL,CHROMIUM,5,5
"385",06095WNDSR169OL,NICKEL,10,0
"386",06096HMLTN1HAMI,AMMONIA,3002,28
"387",06096HMLTN1HAMI,"BENZO(G,H,I)PERYLENE",0.27,0
"388",06096HMLTN1HAMI,COPPER,5,102
"389",06096HMLTN1HAMI,DIISOCYANATES,,0
"390",06096HMLTN1HAMI,LEAD,3.7,15.7
"391",06096HMLTN1HAMI,NICKEL,53,8
"392",06096HMLTN1HAMI,POLYCYCLIC AROMATIC COMPOUNDS,39.6,0
"393",06098STRLN249RO,CHROMIUM,0,0
"394",06098STRLN249RO,COPPER,0,0
"395",06098STRLN249RO,NICKEL,0,0
"396",06098THHMR150PR,CHROMIUM,0,0
"397",06098THHMR150PR,NICKEL,0,0
"398",06108STVLY91PRE,LEAD COMPOUNDS,0,0
"399",06109MRDHS50BUR,"1,2,4-TRIMETHYLBENZENE",35,0
"400",06109MRDHS50BUR,"BENZO(G,H,I)PERYLENE",0,0
"401",06109MRDHS50BUR,N-HEXANE,0,0
"402",06109MRDHS50BUR,POLYCYCLIC AROMATIC COMPOUNDS,0.02,0
"403",06109MRDHS50BUR,LEAD,0,0
"404",06109MRDHS50BUR,NAPHTHALENE,2,0
"405",06110CHNDLCHART,LEAD COMPOUNDS,0.31,3.7
"406",06110CHNDLCHART,AMMONIA,5710,0
"407",06110CLTND545NE,LEAD,0,0
"408",06110CLTND545NE,METHANOL,0,0
"409",06110HLKRM31BRO,CHROMIUM,5,0
"410",06110HLKRM31BRO,MANGANESE,250,0
"411",06110HRCNN603NE,LEAD COMPOUNDS,0,0.28
"412",06110HRCNN603NE,NITRATE COMPOUNDS,0,0
"413",06110HRCNN603NE,NITRIC ACID,460,0
"414",06110NTMGC111VA,LEAD COMPOUNDS,0.0409,0.146
"415",06110SSCRP1045N,AMMONIA,10,0
"416",06111CMPNN68HOL,"1,1-DICHLORO-1-FLUOROETHANE",5636,0
"417",06111CMPNN68HOL,NICKEL,0,0
"418",06111CMPNN68HOL,AMMONIA,15828,0
"419",06111CMPNN68HOL,DICHLOROMETHANE,4799,0
"420",06111DVNCD681NM,"1,2,4-TRIMETHYLBENZENE",,0
"421",06111DVNCD681NM,"1,3-BUTADIENE",,0
"422",06111DVNCD681NM,"1,4-DIOXANE",,0
"423",06111DVNCD681NM,3-IODO-2-PROPYNYL BUTYLCARBAMATE,,0
"424",06111DVNCD681NM,ACETOPHENONE,,0
"425",06111DVNCD681NM,ACRYLIC ACID,,0
"426",06111DVNCD681NM,ACRYLONITRILE,,0
"427",06111DVNCD681NM,ANILINE,,0
"428",06111DVNCD681NM,BARIUM COMPOUNDS,,0
"429",06111DVNCD681NM,BENZENE,,0
"430",06111DVNCD681NM,BENZOYL PEROXIDE,,0
"431",06111DVNCD681NM,C.I. SOLVENT ORANGE 7,,0
"432",06111DVNCD681NM,CARBON TETRACHLORIDE,,0
"433",06111DVNCD681NM,CERTAIN GLYCOL ETHERS,,0
"434",06111DVNCD681NM,CHLOROFORM,,0
"435",06111DVNCD681NM,COBALT COMPOUNDS,,0
"436",06111DVNCD681NM,COPPER COMPOUNDS,,0
"437",06111DVNCD681NM,CUMENE,,0
"438",06111DVNCD681NM,PHTHALIC ANHYDRIDE,,0
"439",06111DVNCD681NM,PROPYLENE OXIDE,,0
"440",06111DVNCD681NM,QUINONE,,0
"441",06111DVNCD681NM,STYRENE,,0
"442",06111DVNCD681NM,TOLUENE,,0
"443",06111DVNCD681NM,TRIETHYLAMINE,,0
"444",06111DVNCD681NM,MIXTURE,,0
"445",06111DVNCD681NM,URETHANE,,0
"446",06111DVNCD681NM,VANADIUM COMPOUNDS,,0
"447",06111DVNCD681NM,XYLENE (MIXED ISOMERS),,0
"448",06111DVNCD681NM,ZINC COMPOUNDS,,0
"449",06111DVNCD681NM,CUMENE HYDROPEROXIDE,,0
"450",06111DVNCD681NM,CYCLOHEXANE,,0
"451",06111DVNCD681NM,CYCLOHEXANOL,,0
"452",06111DVNCD681NM,DIBUTYL PHTHALATE,,0
"453",06111DVNCD681NM,DICHLOROMETHANE,,0
"454",06111DVNCD681NM,DIURON,,0
"455",06111DVNCD681NM,ETHYLBENZENE,,0
"456",06111DVNCD681NM,ETHYLENE GLYCOL,,0
"457",06111DVNCD681NM,HYDROGEN FLUORIDE,,0
"458",06111DVNCD681NM,HYDROQUINONE,,0
"459",06111DVNCD681NM,M-XYLENE,,0
"460",06111DVNCD681NM,MANGANESE COMPOUNDS,,0
"461",06111DVNCD681NM,METHANOL,,0
"462",06111DVNCD681NM,METHYL ISOCYANATE,,0
"463",06111DVNCD681NM,METHYL METHACRYLATE,1500,0
"464",06111DVNCD681NM,"N,N-DIMETHYLANILINE",,0
"465",06111DVNCD681NM,N-BUTYL ALCOHOL,,0
"466",06111DVNCD681NM,N-HEXANE,,0
"467",06111DVNCD681NM,N-METHYL-2-PYRROLIDONE,,0
"468",06111DVNCD681NM,O-XYLENE,,0
"469",06111DVNCD681NM,P-XYLENE,,0
"470",06111HPHDN100MI,NITRATE COMPOUNDS,0,0
"471",06111HPHDN100MI,NITRIC ACID,0,0
"472",06111KNYMN1170M,COPPER,0,9
"473",06111KNYMN1170M,LEAD,0.01,0.77
"474",06111KNYMN1170M,NICKEL,0,0
"475",06111RCRFT179LU,CHROMIUM,0,0
"476",06111RCRFT179LU,NICKEL,0,0
"477",06111TLNTC549CE,CHROMIUM,0,0
"478",06111TLNTC549CE,NICKEL,0,0
"479",06226BLDRS79BOS,LEAD,0,0
"480",06226BRNTC1600W,ANTIMONY COMPOUNDS,0,0
"481",06226BRNTC1600W,DECABROMODIPHENYL OXIDE,0,0
"482",06226BRNTC1600W,LEAD COMPOUNDS,0,0
"483",06226BRNTC1600W,ZINC COMPOUNDS,0,0
"484",06226BRNTC1600W,OZONE,33641,0
"485",06226NTDBRPOBOX,PHENOL,5375,0
"486",06239THDLT39WAU,DI(2-ETHYLHEXYL) PHTHALATE,11,0
"487",06241FRTLYMAPLE,"BENZO(G,H,I)PERYLENE",0,0
"488",06241FRTLYMAPLE,POLYCYCLIC AROMATIC COMPOUNDS,0,0
"489",06241LKRDG56ALE,AMMONIA,116771,0
"490",06241LKRDG56ALE,N-HEXANE,46019.9,0
"491",06254CRGLL14RT3,COPPER COMPOUNDS,0,0
"492",06260DMNSN78HIG,TOLUENE,4416,0
"493",06260SPRWN45DAN,DIISOCYANATES,,0
"494",06277NRMPC72THM,POLYCYCLIC AROMATIC COMPOUNDS,0,0
"495",06320SCSTG15MOH,"BENZO(G,H,I)PERYLENE",,0
"496",06320SCSTG15MOH,LEAD,1,0
"497",06320SCSTG15MOH,POLYCYCLIC AROMATIC COMPOUNDS,,0
"498",06335DWCHMROUTE,CUMENE,37,0.5
"499",06335DWCHMROUTE,ETHYLBENZENE,289,0
"500",06335DWCHMROUTE,STYRENE,4744,0.5
"501",06335DWCHMROUTE,ZINC COMPOUNDS,0,9
"502",06335DWCHMROUTE,"1,3-BUTADIENE",49,0
"503",06335DWCHMROUTE,"1-CHLORO-1,1-DIFLUOROETHANE",299564,0
"504",06335DWCHMROUTE,ACRYLIC ACID,820,0
"505",06335DWCHMROUTE,ACRYLONITRILE,87,0.5
"506",06335DWCHMROUTE,CHLORODIFLUOROMETHANE,22632,0
"507",06340GNRLD75EAS,DIISOCYANATES,5,0
"508",06340GNRLD75EAS,LEAD,0,6.48
"509",06340GNRLD75EAS,N-BUTYL ALCOHOL,13482,0
"510",06340GNRLD75EAS,NICKEL,5,250
"511",06340MRDHS443EA,"1,2,4-TRIMETHYLBENZENE",398,0
"512",06340MRDHS443EA,"BENZO(G,H,I)PERYLENE",0.01,0
"513",06340MRDHS443EA,ETHYLBENZENE,515,0
"514",06340MRDHS443EA,LEAD,0.29,0
"515",06340MRDHS443EA,N-HEXANE,1,0
"516",06340MRDHS443EA,POLYCYCLIC AROMATIC COMPOUNDS,1.03,0
"517",06340MRDHS443EA,NAPHTHALENE,12,0
"518",06340PFZRNEASTE,ACETONITRILE,1000,250
"519",06340PFZRNEASTE,AMMONIA,500,6300
"520",06340PFZRNEASTE,"BENZO(G,H,I)PERYLENE",0.013,0
"521",06340PFZRNEASTE,CYANIDE COMPOUNDS,10,5
"522",06340PFZRNEASTE,DICHLOROMETHANE,16800,5
"523",06340PFZRNEASTE,DIOXIN AND DIOXIN-LIKE COMPOUNDS,0.091,0
"524",06340PFZRNEASTE,"HYDROCHLORIC ACID (1995 AND AFTER ""ACID AEROSOLS"" ONLY)",8150,0
"525",06340PFZRNEASTE,LEAD COMPOUNDS,7.9,32
"526",06340PFZRNEASTE,METHANOL,3250,750
"527",06340PFZRNEASTE,METHYL TERT-BUTYL ETHER,500,250
"528",06340PFZRNEASTE,N-HEXANE,3500,250
"529",06340PFZRNEASTE,NICKEL,10,250
"530",06340PFZRNEASTE,NITRATE COMPOUNDS,0,170000
"531",06340PFZRNEASTE,POLYCYCLIC AROMATIC COMPOUNDS,0.48,0
"532",06340PFZRNEASTE,TOLUENE,5000,5
"533",06340PFZRNEASTE,TRIETHYLAMINE,500,0
"534",06340RWDCR839PO,"4,4'-ISOPROPYLIDENEDIPHENOL",0,0
"535",06340RWDCR839PO,CHROMIUM,,0
"536",06340RWDCR839PO,COBALT,,0
"537",06340RWDCR839PO,NICKEL,,0
"538",06340TLCNC185SR,LEAD,0,0
"539",06340TLCNC185SR,"BENZO(G,H,I)PERYLENE",0,0
"540",06340TLCNC185SR,POLYCYCLIC AROMATIC COMPOUNDS,0,0
"541",06353TLCNC4753C,POLYCYCLIC AROMATIC COMPOUNDS,0,0
"542",06353TLCNC4753C,"BENZO(G,H,I)PERYLENE",0,0
"543",06353TLCNC4753C,LEAD,0,0
"544",06354GRSWL1RIVE,"BENZO(G,H,I)PERYLENE",0,0
"545",06354GRSWL1RIVE,DIISOCYANATES,0,0
"546",06354GRSWL1RIVE,PHTHALIC ANHYDRIDE,0,0
"547",06354GRSWL1RIVE,POLYCYCLIC AROMATIC COMPOUNDS,0,0
"548",06354GRSWL1RIVE,THIRAM,0,0
"549",06354GRSWL1RIVE,ZINC COMPOUNDS,83,0
"550",06360PHLPS41WAW,LEAD COMPOUNDS,2.73,1.1
"551",06360PHLPS41WAW,COPPER COMPOUNDS,4678,175
"552",06360TLCNC71NEW,NITRATE COMPOUNDS,0,0
"553",06360TLCNC71NEW,LEAD,0,0
"554",06374BRKWD275PU,"N,N-DIMETHYLFORMAMIDE",1086,0
"555",06374BRKWD275PU,TOLUENE,1070,0
"556",06374BSTSY78PLA,MERCURY COMPOUNDS,0,0
"557",06379WHTTK82MEC,LEAD COMPOUNDS,0,2.5
"558",06379WHTTK82MEC,MERCURY COMPOUNDS,0,0.04
"559",06379WHTTK82MEC,SILVER COMPOUNDS,5,10.8
"560",06379WHTTK82MEC,ZINC COMPOUNDS,10,31.4
"561",06382MNTVL74LAT,"BENZO(G,H,I)PERYLENE",0.01,0
"562",06382MNTVL74LAT,POLYCYCLIC AROMATIC COMPOUNDS,0.11,0.25
"563",06382STHMS141DE,BARIUM COMPOUNDS,7,0
"564",06382STHMS141DE,ZINC COMPOUNDS,2,33
"565",06382STHMS141DE,CHROMIUM COMPOUNDS(EXCEPT CHROMITE ORE MINED IN THE TRANSVAAL REGION),759,1
"566",06382STHMS141DE,COPPER COMPOUNDS,2,2
"567",06382STHMS141DE,DIOXIN AND DIOXIN-LIKE COMPOUNDS,1,0
"568",06382STHMS141DE,"HYDROCHLORIC ACID (1995 AND AFTER ""ACID AEROSOLS"" ONLY)",78000,0
"569",06382STHMS141DE,LEAD COMPOUNDS,72,1
"570",06382STHMS141DE,MANGANESE COMPOUNDS,389,52
"571",06382STHMS141DE,MERCURY COMPOUNDS,47,0.04
"572",06382STHMS141DE,NICKEL COMPOUNDS,786,46
"573",06382STHMS141DE,THALLIUM,0,0
"574",06382STHMS141DE,VANADIUM COMPOUNDS,0,0
"575",06387CMCRP51SOU,ANTIMONY COMPOUNDS,362,0
"576",06387CMCRP51SOU,DI(2-ETHYLHEXYL) PHTHALATE,25,0
"577",06387CMCRP51SOU,LEAD COMPOUNDS,359,0
"578",06387TLCNC190AL,POLYCYCLIC AROMATIC COMPOUNDS,0,0
"579",06387TLCNC190AL,"BENZO(G,H,I)PERYLENE",0,0
"580",06401FRRLC25MAI,"BENZO(G,H,I)PERYLENE",0,0
"581",06401FRRLC25MAI,POLYCYCLIC AROMATIC COMPOUNDS,0,0
"582",06403GNDSTRAILR,NITRATE COMPOUNDS,0,0
"583",06405TLNTC1CHUR,NITRIC ACID,85,5.25
"584",06405TLNTC1CHUR,ZINC COMPOUNDS,166,624.9
"585",06405TRBNC4COMM,CHROMIUM,10,0
"586",06405TRBNC4COMM,NICKEL,10,0
"587",06410BNDXC250KN,LEAD,0.38,0
"588",06410GSTCH1855P,COPPER COMPOUNDS,0,5
"589",06410GSTCH1855P,ZINC COMPOUNDS,0,0
"590",06410GSTCH1855P,NITRIC ACID,250,5
"591",06410RGSST325MC,PROPYLENE,250,0
"592",06412CRYDY67WIN,METHANOL,0,0
"593",06412CRYDY67WIN,ACETONITRILE,4900,0
"594",06412CRYDY67WIN,N-HEXANE,0,0
"595",06413CHSBRJOHNS,"BENZO(G,H,I)PERYLENE",50,0
"596",06413CHSBRJOHNS,POLYCYCLIC AROMATIC COMPOUNDS,4642,0
"597",06413STNLYKNOLL,ZINC COMPOUNDS,10,0
"598",06413STNLYKNOLL,LEAD COMPOUNDS,1,0
"599",06413STNLYKNOLL,"SULFURIC ACID (1994 AND AFTER ""ACID AEROSOLS"" ONLY)",13656,0
"600",06422DRHMM84MAI,TRICHLOROETHYLENE,953,0
"601",06430RGRSCMILLA,PHENOL,114,0
"602",06430RGRSCMILLA,TETRABROMOBISPHENOL A,1.5,0
"603",06430RGRSCMILLA,ZINC COMPOUNDS,53,0
"604",06437LGNQN129SO,COPPER,0,3
"605",06450CNBRR105PO,LEAD COMPOUNDS,0,0
"606",06450CNNC 400RE,FORMIC ACID,1748,0
"607",06450CNNC 400RE,METHANOL,6235,0
"608",06450SZSPHWESTF,"BENZO(G,H,I)PERYLENE",,0
"609",06450SZSPHWESTF,POLYCYCLIC AROMATIC COMPOUNDS,0.1,0
"610",06450THMLL99CEN,COPPER COMPOUNDS,6.29,2.8
"611",06450THMLL99CEN,LEAD COMPOUNDS,0.13,0.14
"612",06450THMLL99CEN,NICKEL COMPOUNDS,0,0
"613",06450THMLL99CEN,ZINC (FUME OR DUST),62,0
"614",06451NTDLR136GR,BENZENE,0,0
"615",06451NTDLR136GR,DICHLOROMETHANE,0,0
"616",06451NTDLR136GR,TETRACHLOROETHYLENE,0,0
"617",06451NTDLR136GR,TOLUENE,0,0
"618",06451NTDLR136GR,XYLENE (MIXED ISOMERS),0,0
"619",06451NTDLR136GR,ZINC COMPOUNDS,0,0
"620",06457LQDPL79BRA,DIISOCYANATES,0,0
"621",06457MHWKM1270N,COPPER,0,0
"622",06457PRTTWAIRCR,"BENZO(G,H,I)PERYLENE",0.004,0
"623",06457PRTTWAIRCR,CHROMIUM,36,162
"624",06457PRTTWAIRCR,COBALT,28,162
"625",06457PRTTWAIRCR,NICKEL,160,318
"626",06457PRTTWAIRCR,POLYCYCLIC AROMATIC COMPOUNDS,0.03,0
"627",06460DVNSTNAUGA,NAPHTHALENE,,0
"628",06460MLFRD55SHE,AMMONIA,101260,0
"629",06461BCCNS565BI,AMMONIA,517,0
"630",06461BCCNS565BI,POLYCYCLIC AROMATIC COMPOUNDS,0,0
"631",06468MRCNH16COM,AMMONIA,0,0
"632",06468SYMRS15COM,CHROMIUM,,0
"633",06468SYMRS15COM,NICKEL,,0
"634",06471TLCNC1FORE,POLYCYCLIC AROMATIC COMPOUNDS,0.2,0
"635",06471TLCNC1FORE,"BENZO(G,H,I)PERYLENE",0,0
"636",06471TLCNC1FORE,LEAD,0,0
"637",06473FMSSB7GRAS,LEAD,0.07,0.3
"638",06473JNSNN5STIL,LEAD,0.2,0
"639",06473NRTHS291ST,CERTAIN GLYCOL ETHERS,4404,0
"640",06473THMRL100KE,CHROMIUM,0,0
"641",06473THMRL100KE,MANGANESE,0,0
"642",06473THMRL100KE,LEAD,0,0
"643",06473TLCNC377SA,POLYCYCLIC AROMATIC COMPOUNDS,0,0
"644",06473TLCNC377SA,"BENZO(G,H,I)PERYLENE",0,0
"645",06475TLCNC1BOST,POLYCYCLIC AROMATIC COMPOUNDS,0,0
"646",06475TLCNC1BOST,"BENZO(G,H,I)PERYLENE",0,0
"647",06475TLCNC1BOST,LEAD,0,0
"648",06477LGHTS37ROB,MERCURY,3.4,0
"649",06478MDRNM11WIL,NITRATE COMPOUNDS,0,0
"650",06478MDRNM11WIL,NITRIC ACID,44,0
"651",06479TRRYS492SU,LEAD COMPOUNDS,6.42,0
"652",06480TLCNC231AI,"BENZO(G,H,I)PERYLENE",0,0
"653",06480TLCNC231AI,POLYCYCLIC AROMATIC COMPOUNDS,0,0
"654",06480TLCNC231AI,LEAD,0,0
"655",06482MRCNWONEWI,AMMONIA,0,0
"656",06482MRCNWONEWI,COPPER,0,0
"657",06483NWHVN79MAI,AMMONIA,0,0
"658",06483SYMRN15DAY,"1,2,4-TRIMETHYLBENZENE",0,0
"659",06483SYMRN15DAY,NAPHTHALENE,0,0
"660",06483SYMRN15DAY,XYLENE (MIXED ISOMERS),0,0
"661",06484MCCRP9MOUN,FORMALDEHYDE,0,0
"662",06484NCNGN217LN,LEAD,34.8,0.6
"663",06484SMRVT510RI,ETHYLENE GLYCOL,950,0
"664",06484SMRVT510RI,ZINC COMPOUNDS,0,2.8
"665",06484SMRVT510RI,LEAD,0,0
"666",06484SPNGX6BRID,TOLUENE,196819,0
"667",06484SPNGX6BRID,DI(2-ETHYLHEXYL) PHTHALATE,0,0
"668",06484SPNGX6BRID,SODIUM NITRITE,0,0
"669",06488GNDST236RX,"BENZO(G,H,I)PERYLENE",0,0
"670",06488GNDST236RX,NITRATE COMPOUNDS,0,0
"671",06488GNDST236RX,POLYCYCLIC AROMATIC COMPOUNDS,0.23,0
"672",06489NRTHS411NO,AMMONIA,48,0
"673",06489NRTHS411NO,CHROMIUM,0,0
"674",06489NRTHS411NO,COBALT,0,0
"675",06489NRTHS411NO,COPPER,0,0
"676",06489NRTHS411NO,LEAD,0,0
"677",06489NRTHS411NO,MANGANESE COMPOUNDS,0,0
"678",06489NRTHS411NO,NICKEL,0,0
"679",06489NRTHS411NO,PHOSPHORUS (YELLOW OR WHITE),0,0
"680",06489YMRNT24TWN,NICKEL COMPOUNDS,,0
"681",06490SPRRPLACEY,LEAD COMPOUNDS,1.15,2.11
"682",06490SPRRPLACEY,NITRATE COMPOUNDS,0,4.5
"683",06490SPRRPLACEY,NITRIC ACID,10,0
"684",06492BYKCH524SO,"1,2,4-TRIMETHYLBENZENE",132,0
"685",06492BYKCH524SO,CERTAIN GLYCOL ETHERS,348,0
"686",06492BYKCH524SO,DIETHANOLAMINE,0,0
"687",06492BYKCH524SO,ETHYLBENZENE,260,0
"688",06492BYKCH524SO,MALEIC ANHYDRIDE,7,0
"689",06492BYKCH524SO,N-METHYL-2-PYRROLIDONE,0,0
"690",06492BYKCH524SO,XYLENE (MIXED ISOMERS),940,0
"691",06492CNNCTTOELL,LEAD COMPOUNDS,2.02202,0.4
"692",06492CNNCTTOELL,MANGANESE COMPOUNDS,0,255
"693",06492CNNCTTOELL,NICKEL COMPOUNDS,0,10
"694",06492CNNCTTOELL,CHROMIUM,0,10
"695",06492LLGHN80VAL,CHROMIUM COMPOUNDS(EXCEPT CHROMITE ORE MINED IN THE TRANSVAAL REGION),0,17
"696",06492LLGHN80VAL,COBALT COMPOUNDS,0,0
"697",06492LLGHN80VAL,MANGANESE COMPOUNDS,0,678
"698",06492LLGHN80VAL,NICKEL COMPOUNDS,0,42
"699",06492LLGHN80VAL,NITRATE COMPOUNDS,0,20185
"700",06492LLGHN80VAL,NITRIC ACID,500,0
"701",06492MRCNCSOUTH,ACRYLAMIDE,2,7
"702",06492MRCNCSOUTH,AMMONIA,2081,389
"703",06492MRCNCSOUTH,ETHYLBENZENE,562,0
"704",06492MRCNCSOUTH,ETHYLENE GLYCOL,52,0
"705",06492MRCNCSOUTH,FORMALDEHYDE,9088,717
"706",06492MRCNCSOUTH,METHANOL,55585,697
"707",06492MRCNCSOUTH,N-BUTYL ALCOHOL,77242,23
"708",06492MRCNCSOUTH,N-METHYLOLACRYLAMIDE,0,505
"709",06492MRCNCSOUTH,NITRATE COMPOUNDS,0,97009
"710",06492MRCNCSOUTH,NITRIC ACID,45,0
"711",06492MRCNCSOUTH,SODIUM NITRITE,0,306
"712",06492MRCNCSOUTH,TOLUENE,1516,0
"713",06492MRCNCSOUTH,XYLENE (MIXED ISOMERS),2537,0
"714",06492TCHCR340QU,AMMONIA,8542,0
"715",06492TCHCR340QU,LEAD,0.2,0
"716",06492THRMS155EA,STYRENE,22399,0
"717",06492TMSMC358HA,COPPER,5,0
"718",06492TMSMC358HA,LEAD,2,0
"719",06497DRSSR250EA,POLYCHLORINATED BIPHENYLS,0,0
"720",06497DRSSR250EA,POLYCYCLIC AROMATIC COMPOUNDS,0,0
"721",06497HMPFR292LO,DICHLOROMETHANE,15684,0
"722",06497HMPFR292LO,FORMIC ACID,7290,0
"723",06497HMPFR292LO,TOLUENE,10388,0
"724",06497RSSRB1299W,ANTIMONY COMPOUNDS,,0
"725",06497RSSRB1299W,BARIUM COMPOUNDS,,0
"726",06497RSSRB1299W,"BENZO(G,H,I)PERYLENE",0,0
"727",06497RSSRB1299W,CADMIUM COMPOUNDS,,0
"728",06497RSSRB1299W,LEAD COMPOUNDS,0.13,0
"729",06497RSSRB1299W,POLYCYCLIC AROMATIC COMPOUNDS,0,0
"730",06497RSSRB1299W,ZINC (FUME OR DUST),,0
"731",06497SYNTH1525S,LEAD COMPOUNDS,69,46
"732",06511HKRVT73WEL,NITRIC ACID,68,0
"733",06511HKRVT73WEL,CHLORINE,18,0
"734",06511SRGNT100SA,"BENZO(G,H,I)PERYLENE",0,0
"735",06511SRGNT100SA,CHROMIUM,10,0
"736",06511SRGNT100SA,COPPER,500,250
"737",06511SRGNT100SA,LEAD,2.9,4.01
"738",06511SRGNT100SA,MANGANESE,2,0
"739",06511SRGNT100SA,POLYCYCLIC AROMATIC COMPOUNDS,0,0
"740",06511SRGNT100SA,NICKEL COMPOUNDS,255,0
"741",06512NRTHS481ES,BENZENE,708,1
"742",06512NRTHS481ES,ETHYLBENZENE,167,0
"743",06512NRTHS481ES,N-HEXANE,505,0
"744",06512NRTHS481ES,TOLUENE,853,1
"745",06512NRTHS481ES,XYLENE (MIXED ISOMERS),950,1
"746",06512NRTHS481ES,"1,2,4-TRIMETHYLBENZENE",130,0
"747",06512NRTHS481ES,POLYCYCLIC AROMATIC COMPOUNDS,0,0
"748",06512NRTHS481ES,"BENZO(G,H,I)PERYLENE",0,0
"749",06512NRTHS481ES,LEAD COMPOUNDS,0,1
"750",06512NRTHS481ES,NAPHTHALENE,18,0
"751",06513CMDVL166CH,"1,2,4-TRIMETHYLBENZENE",2365,0
"752",06513CMDVL166CH,ALUMINUM OXIDE (FIBROUS FORMS),0,0
"753",06513CMDVL166CH,ETHYLBENZENE,384,0
"754",06513CMDVL166CH,LEAD COMPOUNDS,0,0
"755",06513CMDVL166CH,MERCURY COMPOUNDS,0,0
"756",06513CMDVL166CH,METHANOL,156,0
"757",06513CMDVL166CH,PHENOL,153,0
"758",06513CMDVL166CH,TOLUENE,6885,0
"759",06513CMDVL166CH,XYLENE (MIXED ISOMERS),1252,0
"760",06513PPLDN104JO,LEAD COMPOUNDS,0,0
"761",06513RTKNC30LEN,DIISOCYANATES,0,0
"762",06513RTKNC30LEN,"N,N-DIMETHYLFORMAMIDE",337,0
"763",06513RTKNC30LEN,N-METHYL-2-PYRROLIDONE,4187,0
"764",06513RTKNC30LEN,TOLUENE,4382,0
"765",06514PRCLN129LE,XYLENE (MIXED ISOMERS),10565,0
"766",06514SPRRP750SH,BARIUM COMPOUNDS,0,0
"767",06514SPRRP750SH,MANGANESE COMPOUNDS,0,0
"768",06516SBRDM50FRE,LEAD COMPOUNDS,0,0
"769",06516SBRDM50FRE,NICKEL,0,0
"770",06517GLFLL42850,"1,2,4-TRIMETHYLBENZENE",1798,0
"771",06517GLFLL42850,BENZENE,1798,0
"772",06517GLFLL42850,"BENZO(G,H,I)PERYLENE",0,0
"773",06517GLFLL42850,CYCLOHEXANE,1350,0
"774",06517GLFLL42850,ETHYLBENZENE,2697,0
"775",06517GLFLL42850,LEAD,0,0
"776",06517GLFLL42850,N-HEXANE,2697,0
"777",06517GLFLL42850,POLYCYCLIC AROMATIC COMPOUNDS,0,0
"778",06517GLFLL42850,TOLUENE,5393,0
"779",06517GLFLL42850,XYLENE (MIXED ISOMERS),8989,0
"780",06517TLCNC155PI,POLYCYCLIC AROMATIC COMPOUNDS,0,0
"781",06517TLCNC155PI,"BENZO(G,H,I)PERYLENE",0,0
"782",06517TLCNC155PI,LEAD,0,0
"783",06601GNRLL1285B,"BENZO(G,H,I)PERYLENE",73,0
"784",06601GNRLL1285B,COPPER,0,2
"785",06601GNRLL1285B,POLYCYCLIC AROMATIC COMPOUNDS,6762,0
"786",06601SKRSK6900M,METHANOL,859,0
"787",06601SKRSK6900M,NITRIC ACID,2678,0
"788",06601SKRSK6900M,POLYCYCLIC AROMATIC COMPOUNDS,0,0
"789",06601SKRSK6900M,"BENZO(G,H,I)PERYLENE",0,0
"790",06601SKRSK6900M,LEAD,0,0
"791",06601SKRSK6900M,HYDROGEN FLUORIDE,309,0
"792",06601SKRSK6900M,NITRATE COMPOUNDS,797,0
"793",06601SKRSK6900M,NAPHTHALENE,57,0
"794",06605GNDST2426B,"BENZO(G,H,I)PERYLENE",0,0
"795",06605GNDST2426B,NITRATE COMPOUNDS,0,0
"796",06605GNDST2426B,POLYCYCLIC AROMATIC COMPOUNDS,0.16,0
"797",06607BRDGP250EA,BENZENE,1169,0
"798",06607BRDGP250EA,ETHYLBENZENE,159,0
"799",06607BRDGP250EA,N-HEXANE,1883,0
"800",06607BRDGP250EA,TOLUENE,1568,0
"801",06607BRDGP250EA,"1,2,4-TRIMETHYLBENZENE",124,0
"802",06607BRDGP250EA,XYLENE (MIXED ISOMERS),764,0
"803",06607BRDGP250EA,"BENZO(G,H,I)PERYLENE",0,0
"804",06607BRDGP250EA,LEAD COMPOUNDS,0,0
"805",06607BRDGP250EA,POLYCYCLIC AROMATIC COMPOUNDS,0,0
"806",06607BRDGP250EA,NAPHTHALENE,15,0
"807",06610BRDGP50CRO,BENZENE,0,0
"808",06610BRDGP50CRO,CHROMIUM,0,0
"809",06610BRDGP50CRO,DICHLOROMETHANE,0,0
"810",06610BRDGP50CRO,NICKEL,0,0
"811",06610BRDGP50CRO,TOLUENE,0,0
"812",06610BRDGP50CRO,XYLENE (MIXED ISOMERS),0,0
"813",06610BRDGP50CRO,ZINC COMPOUNDS,0,0
"814",06611MHLNC20NUT,NICKEL COMPOUNDS,2,0
"815",06611MHLNC20NUT,NITRATE COMPOUNDS,3,0
"816",06611MHLNC20NUT,NITRIC ACID,3,0
"817",06615NWPRT15LNG,LEAD,,0
"818",06615SCHRM175GA,LEAD COMPOUNDS,0,0
"819",06704DVNCD1875T,COPPER COMPOUNDS,10,4
"820",06704DVNCD1875T,LEAD,0,0.4
"821",06704DVNCD1875T,NITRIC ACID,45,16
"822",06704MRCNL1358T,LEAD COMPOUNDS,1.5,0
"823",06704MRCNL1358T,NITRATE COMPOUNDS,0,0
"824",06704MRCNL1358T,NITRIC ACID,500,0
"825",06704MRCNP2114T,TETRABROMOBISPHENOL A,19,0
"826",06704TRLVM984WA,COBALT,,0
"827",06704TRLVM984WA,NICKEL,0,0
"828",06705CHMFG235IN,NITRATE COMPOUNDS,0,0
"829",06705CHMFG235IN,NITRIC ACID,0,0
"830",06705VLTRC400CA,LEAD COMPOUNDS,0.08,0
"831",06705VLTRC400CA,MERCURY COMPOUNDS,2.01,0
"832",06708GNDST566SL,"BENZO(G,H,I)PERYLENE",0,0
"833",06708GNDST566SL,POLYCYCLIC AROMATIC COMPOUNDS,0,0
"834",06708HBBRD563SL,CERTAIN GLYCOL ETHERS,213,0
"835",06708HBBRD563SL,DICHLOROMETHANE,1050,0
"836",06708HBBRD563SL,METHANOL,5,0
"837",06708HBBRD563SL,NITRIC ACID,1602,0
"838",06708HBBRD563SL,TETRACHLOROETHYLENE,28,0
"839",06708HBBRD563SL,TOLUENE,55,0
"840",06708HBBRD563SL,TRICHLOROETHYLENE,312,0
"841",06708HBBRD563SL,XYLENE (MIXED ISOMERS),17,0
"842",06708LLGHN271RA,CHROMIUM COMPOUNDS(EXCEPT CHROMITE ORE MINED IN THE TRANSVAAL REGION),0,0
"843",06708LLGHN271RA,MANGANESE COMPOUNDS,0,0
"844",06708LLGHN271RA,NICKEL COMPOUNDS,0,0
"845",06708NSNCP725BA,COPPER COMPOUNDS,0,15
"846",06708NSNCP725BA,NICKEL COMPOUNDS,0,2
"847",06708NSNCP725BA,POLYCYCLIC AROMATIC COMPOUNDS,0,0
"848",06708PLLDN57BRI,COPPER,0,0
"849",06708PLLDN57BRI,LEAD,0,0
"850",06708TLCNC567SL,POLYCYCLIC AROMATIC COMPOUNDS,0,0
"851",06708TLCNC567SL,"BENZO(G,H,I)PERYLENE",0,0
"852",06708TLCNC567SL,LEAD,0,0
"853",06720HGHLN1240W,CHROMIUM,0,0
"854",06720HGHLN1240W,COPPER,0,0
"855",06720HGHLN1240W,MANGANESE,0,0
"856",06720HGHLN1240W,NICKEL,0,0
"857",06720WTRBR240EA,ZINC COMPOUNDS,0,0.5
"858",06721WTRBR952SO,CHROMIUM,0,0
"859",06721WTRBR952SO,COPPER,0,0
"860",06721WTRBR952SO,NICKEL,0,0
"861",06723THWTR114PO,CHLORINE,250,0
"862",06723THWTR114PO,COPPER COMPOUNDS,0,0
"863",06723THWTR114PO,NICKEL COMPOUNDS,0,0
"864",06723THWTR114PO,NITRATE COMPOUNDS,0,0
"865",06723THWTR114PO,NITRIC ACID,0,0
"866",06723THWTR114PO,ZINC COMPOUNDS,0,0
"867",06723YLTCR2712S,TRICHLOROETHYLENE,11418,0
"868",06723YLTCR2712S,COPPER,0,0
"869",06725FBRCT172EA,"N,N-DIMETHYLFORMAMIDE",330.9,0
"870",06725FBRCT172EA,TETRABROMOBISPHENOL A,5.6,0
"871",06725FBRCT172EA,TOLUENE,140.6,0
"872",06754SCSCNRIVER,"1,2,4-TRIMETHYLBENZENE",0,0
"873",06754SCSCNRIVER,NAPHTHALENE,0,0
"874",06754SCSCNRIVER,XYLENE (MIXED ISOMERS),0,0
"875",06770DNHMC15EAS,CHROMIUM COMPOUNDS(EXCEPT CHROMITE ORE MINED IN THE TRANSVAAL REGION),0,0
"876",06770DNHMC15EAS,COPPER COMPOUNDS,0,0
"877",06770DNHMC15EAS,CYANIDE COMPOUNDS,0,0
"878",06770DNHMC15EAS,NICKEL COMPOUNDS,0,0
"879",06770DNHMC15EAS,NITRATE COMPOUNDS,0,0
"880",06770DNHMC15EAS,NITRIC ACID,,0
"881",06770DNHMC15EAS,ZINC COMPOUNDS,0,0.001
"882",06770LCTRC18RAD,ANTIMONY COMPOUNDS,66,0
"883",06770LCTRC18RAD,ZINC COMPOUNDS,147,0
"884",06770LCTRC18RAD,LEAD COMPOUNDS,31,0
"885",06770XMTCR7GREA,TRICHLOROETHYLENE,4609.67,0
"886",06776SCSCN7YUNG,"1,2,4-TRIMETHYLBENZENE",0,0
"887",06776SCSCN7YUNG,BENZENE,0,0
"888",06776SCSCN7YUNG,CYCLOHEXANE,0,0
"889",06776SCSCN7YUNG,ETHYLBENZENE,0,0
"890",06776SCSCN7YUNG,N-HEXANE,0,0
"891",06776SCSCN7YUNG,TOLUENE,0,0
"892",06776SCSCN7YUNG,XYLENE (MIXED ISOMERS),0,0
"893",06776SCSCN7YUNG,NAPHTHALENE,0,0
"894",06776SCSCN7YUNG,CUMENE,0,0
"895",06786CNRCN20SCH,STYRENE,11655,0
"896",06787QLTYR135SO,LEAD COMPOUNDS,0,0.08
"897",06787QLTYR135SO,NITRATE COMPOUNDS,110448,17677
"898",06787QLTYR135SO,NITRIC ACID,0,0
"899",06787QLTYR135SO,TETRACHLOROETHYLENE,67249,5
"900",06787WHYCCWATER,CHROMIUM COMPOUNDS(EXCEPT CHROMITE ORE MINED IN THE TRANSVAAL REGION),352,33.86
"901",06787WHYCCWATER,COPPER COMPOUNDS,152,14.74
"902",06787WHYCCWATER,CYANIDE COMPOUNDS,224,2.48
"903",06787WHYCCWATER,LEAD,0,0.43
"904",06787WHYCCWATER,NICKEL COMPOUNDS,12,19.06
"905",06787WHYCCWATER,NITRIC ACID,255,0
"906",06787WHYCCWATER,ZINC COMPOUNDS,953,2.17
"907",06790DYMXC51GRE,DIISOCYANATES,500,0
"908",06790FLCLL539TE,CHROMIUM,1,0
"909",06790FLCLL539TE,CYCLOHEXANE,1550,0
"910",06790FLCLL539TE,LITHIUM CARBONATE,5,0
"911",06790FLCLL539TE,NICKEL,10,0
"912",06790RBCRC2788W,CHROMIUM,0.7,0
"913",06790THTRRPROSP,"BENZO(G,H,I)PERYLENE",0.001,0
"914",06790THTRRPROSP,POLYCYCLIC AROMATIC COMPOUNDS,0.033,0
"915",06790TRNRS100LA,CYANIDE COMPOUNDS,10,0
"916",06791GNDST255BG,"BENZO(G,H,I)PERYLENE",0,0
"917",06791GNDST255BG,POLYCYCLIC AROMATIC COMPOUNDS,0.22,0
"918",06795BRSTL1100B,LEAD,0.456,0
"919",06795BRXTNECHOL,CHROMIUM,0,0
"920",06795BRXTNECHOL,COPPER,0,0
"921",06795BRXTNECHOL,DICHLOROMETHANE,11640,0
"922",06795BRXTNECHOL,NICKEL,0,0
"923",06795KLRLN856EC,"1,2,4-TRIMETHYLBENZENE",255,0
"924",06795KLRLN856EC,ANTIMONY COMPOUNDS,5,0
"925",06795KLRLN856EC,CERTAIN GLYCOL ETHERS,255,0
"926",06795KLRLN856EC,CHROMIUM COMPOUNDS(EXCEPT CHROMITE ORE MINED IN THE TRANSVAAL REGION),255,0
"927",06795KLRLN856EC,COBALT COMPOUNDS,5,0
"928",06795KLRLN856EC,COPPER COMPOUNDS,5,0
"929",06795KLRLN856EC,NICKEL COMPOUNDS,5,0
"930",06795KLRLN856EC,XYLENE (MIXED ISOMERS),2180,0
"931",06795KLRLN856EC,ZINC COMPOUNDS,255,0
"932",06795RSDNM1100B,COPPER,0,0
"933",06795THSMN60ECH,LEAD,0.02,0
"934",06795THSMN60ECH,COPPER,0,0
"935",06801BRNDYGRASS,COPPER,250,5
"936",06801HYLNS13FRA,LEAD,0,0
"937",06801KNTHL119WO,NICKEL,0,0
"938",06801KNTHL119WO,CHROMIUM,0,0
"939",06801KNTHL119WO,COPPER,0,0
"940",06801SLDRC6RESE,DIISOCYANATES,0,0
"941",06801VNDRB31TAY,CARBON DISULFIDE,251,0
"942",06801VNDRB31TAY,"BENZO(G,H,I)PERYLENE",0,0
"943",06801VNDRB31TAY,2-MERCAPTOBENZOTHIAZOLE,0,0
"944",06801VNDRB31TAY,CERTAIN GLYCOL ETHERS,0,0
"945",06801VNDRB31TAY,DI(2-ETHYLHEXYL) PHTHALATE,0,0
"946",06801VNDRB31TAY,DICHLOROMETHANE,4321,0
"947",06801VNDRB31TAY,MOLYBDENUM TRIOXIDE,368.9,0
"948",06801VNDRB31TAY,SODIUM DIMETHYLDITHIOCARBAMATE,0,0
"949",06801VNDRB31TAY,ZINC COMPOUNDS,30.9,28.7
"950",06801VNDRB31TAY,LEAD,64.9,0
"951",06804PHRMC58VAL,ACETONITRILE,0,0
"952",06804PHRMC58VAL,DICHLOROMETHANE,0,0
"953",06804PHRMC58VAL,METHANOL,0,0
"954",06804PHRMC58VAL,TOLUENE,0,0
"955",06804PHRMC58VAL,XYLENE (MIXED ISOMERS),0,0
"956",06804PHRMC58VAL,METHYL ISOBUTYL KETONE,,0
"957",06804PHRMC58VAL,N-HEXANE,,0
"958",06804PHRMC58VAL,N-METHYL-2-PYRROLIDONE,,0
"959",06804PHRMC58VAL,NITRIC ACID,,0
"960",06804TRDNT1114F,LEAD COMPOUNDS,0,0
"961",06810BDKNRFINAN,TOLUENE,15,0
"962",06810BDKNRFINAN,CYCLOHEXANE,32,0
"963",06810BHRNGBRIAR,DICHLORODIFLUOROMETHANE,4486,0
"964",06810BHRNGBRIAR,DICHLOROTETRAFLUOROETHANE (CFC-114),2243,0
"965",06810BHRNGBRIAR,TRICHLOROFLUOROMETHANE,2243,0
"966",06810GNDST9SEGA,NITRATE COMPOUNDS,0,0
"967",06810MPHNL4LDNE,COPPER,19.3,19.3
"968",06810RSCRP36OLD,ACRYLAMIDE,,0
"969",06810RSCRP36OLD,ACRYLIC ACID,,0
"970",06810RSCRP36OLD,DIETHANOLAMINE,,0
"971",06810RSCRP36OLD,DIMETHYL SULFATE,,0
"972",06810RSCRP36OLD,FORMIC ACID,,0
"973",06810RSCRP36OLD,METHANOL,4858,0
"974",06810RSCRP36OLD,TERT-BUTYL ALCOHOL,4770,0
"975",06810TLCNC5PLUM,LEAD,0,0
"976",06810TLCNC5PLUM,"BENZO(G,H,I)PERYLENE",0,0
"977",06810TLCNC5PLUM,POLYCYCLIC AROMATIC COMPOUNDS,0,0
"978",06508HBVSH50IVE,"BENZO(G,H,I)PERYLENE",0,0
"979",06508HBVSH50IVE,LEAD COMPOUNDS,7,0.02
"980",06508HBVSH50IVE,NITRATE COMPOUNDS,4,0
"981",06508HBVSH50IVE,POLYCYCLIC AROMATIC COMPOUNDS,0,0
"982",06508HBVSH50IVE,COPPER,1620,1
"983",06508HBVSH50IVE,NITRIC ACID,1955,0
"984",06095TRBTC651DA,COPPER,34.73,0
"985",06095TRBTC651DA,NICKEL,3.99,0
"986",06095TRBTC651DA,CHROMIUM,34.73,0
"987",06244RGRSCWOODS,DIISOCYANATES,10,0
"988",06244RGRSCWOODS,N-METHYL-2-PYRROLIDONE,755,0
"989",06422PRMTRAIRLI,CREOSOTE,500,0
"990",06422PRMTRAIRLI,POLYCYCLIC AROMATIC COMPOUNDS,24.25,0
"991",06708LNDBR130HU,AMMONIA,,0
"992",06902GNDST72DAV,"BENZO(G,H,I)PERYLENE",0.126,0
"993",06902GNDST72DAV,NITRATE COMPOUNDS,0,0
"994",06902GNDST72DAV,POLYCYCLIC AROMATIC COMPOUNDS,0.52,0
"995",06479FFCNC11WMA,NITRATE COMPOUNDS,0,0
"996",06098SCSCN28WIL,"1,2,4-TRIMETHYLBENZENE",0,0
"997",06098SCSCN28WIL,BENZENE,0,0
"998",06098SCSCN28WIL,CYCLOHEXANE,0,0
"999",06098SCSCN28WIL,ETHYLBENZENE,0,0
"1000",06098SCSCN28WIL,N-HEXANE,0,0
"1001",06098SCSCN28WIL,TOLUENE,0,0
"1002",06098SCSCN28WIL,XYLENE (MIXED ISOMERS),0,0
"1003",06098SCSCN28WIL,NAPHTHALENE,0,0
"1004",06098SCSCN28WIL,CUMENE,0,0
"1005",06410CNSLD677MI,NITRIC ACID,1000,5
"1006",06258LSCNCRTE10,NICKEL,0,0
"1007",06258LSCNCRTE10,LEAD,0,0
"1008",06258LSCNCRTE10,CHROMIUM,0,0
"1009",06484TSWGP726RI,LEAD COMPOUNDS,0.06,0.73
"1010",06492TLCNC1605D,POLYCYCLIC AROMATIC COMPOUNDS,0.1,0
"1011",06492TLCNC1605D,"BENZO(G,H,I)PERYLENE",0,0
"1012",06492TLCNC1605D,LEAD,0,0
"1013",06795BFFRD57CAL,CHROMIUM,,0
"1014",06795BFFRD57CAL,COPPER,,0
"1015",06795BFFRD57CAL,NICKEL,,0
"1016",06351WYRWY77ANT,COPPER,20,0
"1017",06037TRSTR101MA,CHROMIUM,0,0
"1018",06037TRSTR101MA,COPPER,0,0
"1019",06037TRSTR101MA,LEAD,0,0
"1020",06037TRSTR101MA,NICKEL,0,0
"1021",06810MRCNCONECA,METHANOL,378,0
"1022",06401NSNCP75LIB,CHROMIUM,0,0
"1023",06401NSNCP75LIB,COPPER COMPOUNDS,134.1,182.2
"1024",06401NSNCP75LIB,LEAD,13,5.07
"1025",06401NSNCP75LIB,MANGANESE,2,0
"1026",06401NSNCP75LIB,NICKEL COMPOUNDS,8.5,9.05
"1027",06401NSNCP75LIB,POLYCYCLIC AROMATIC COMPOUNDS,0,0
"1028",06401NSNCP75LIB,ZINC COMPOUNDS,836.2,69.5
"1029",06401NSNCP75LIB,MERCURY COMPOUNDS,0,0
