<?xml version="1.0"?>
<!--<!DOCTYPE metadata SYSTEM "http://www.esri.com/metadata/esriprof80.dtd">-->
<metadata xml:lang="en"><Esri><CreaDate>20100115</CreaDate><CreaTime>13521300</CreaTime><SyncOnce>TRUE</SyncOnce><MetaID>{55D00E0B-C53D-413B-8608-953E4329FF06}</MetaID></Esri><idinfo><citation><citeinfo><onlink Sync="TRUE">\\GARY\S\FRx131\L11\driftless</onlink></citeinfo></citation></idinfo><distInfo><distributor><distorTran><onLineSrc><linkage Sync="TRUE">file://\\GARY\S\FRx131\L11\driftless</linkage><protocol Sync="TRUE">Local Area Network</protocol></onLineSrc></distorTran></distributor></distInfo><dataqual><lineage><procstep><procdesc Sync="TRUE">Dataset copied.</procdesc><srcused Sync="TRUE">C:\awork\courses\FR5131_sp10\Lab_updates_Spring10\Lab11data\driftless</srcused><procdate Sync="TRUE">20100113</procdate><proctime Sync="TRUE">09501200</proctime></procstep><procstep><procdesc Sync="TRUE">Dataset copied.</procdesc><srcused Sync="TRUE">E:\Spring_2010\lab_data_updates\lab11new\driftless</srcused><procdate Sync="TRUE">20100115</procdate><proctime Sync="TRUE">13521300</proctime></procstep></lineage></dataqual></metadata>
