<?xml version="1.0" encoding="UTF-8"?>
<metadata>
  <idinfo>
    <citation>
      <citeinfo>
        <origin/>
        <pubdate>20060301</pubdate>
        <title>Spread of Africanized Honey Bees in the United States, 1990-2005</title>
        <geoform>vector digital data</geoform>
        <pubinfo>
          <pubplace/>
          <publish>National Atlas of the United States</publish>
        </pubinfo>
        <othercit>These data were downloaded from the National Atlas website (http://www.nationalatlas.gov/atlasftp.html) in August 2014.</othercit>
        <onlink>http://purl.stanford.edu/fj542kq9240</onlink>
        <lworkcit>
          <citeinfo>
            <title>National Atlas of the United States of America, 1997-2014</title>
          </citeinfo>
        </lworkcit>
      </citeinfo>
    </citation>
    <descript>
      <abstract>This polygon shapefile portrays the spread, by year, of the Africanized honey bee (AHB) in the United States, Puerto Rico, and the U.S. Virgin Islands. The data indicate the year in which the AHB was first observed in a county. This is a revised version of the December 2004 map layer. This layer is part of the 1997-2014 edition of the National Atlas of the United States.</abstract>
      <purpose>These data are intended for geographic display and analysis at the national level, and for large regional areas. The data should be displayed and analyzed at scales appropriate for 1:2,000,000-scale data. No responsibility is assumed by the National Atlas of the United States in the use of these data.</purpose>
    </descript>
    <timeperd>
      <timeinfo>
        <rngdates>
          <begdate>19900101</begdate>
          <enddate>20051231</enddate>
        </rngdates>
      </timeinfo>
      <current>ground condition</current>
    </timeperd>
    <status>
      <progress>Complete</progress>
      <update>Irregular</update>
    </status>
    <spdom>
      <bounding>
        <westbc>-179.133392</westbc>
        <eastbc>179.788208</eastbc>
        <northbc>71.398048</northbc>
        <southbc>17.674692</southbc>
      </bounding>
    </spdom>
    <keywords>
      <theme>
        <themekt>lcsh</themekt>
        <themekey>Africanized honeybee</themekey>
        <themekey>Invasive species</themekey>
      </theme>
      <theme>
        <themekt>ISO 19115 Topic Categories</themekt>
        <themekey>environment</themekey>
        <themekey>biota</themekey>
      </theme>
      <place>
        <placekt>geonames</placekt>
        <placekey>United States</placekey>
        <placekey>Alaska</placekey>
        <placekey>Alabama</placekey>
        <placekey>Arizona</placekey>
        <placekey>Arkansas</placekey>
        <placekey>Colorado</placekey>
        <placekey>Connecticut</placekey>
        <placekey>Delaware</placekey>
        <placekey>Florida</placekey>
        <placekey>Georgia</placekey>
        <placekey>Hawaii</placekey>
        <placekey>Idaho</placekey>
        <placekey>Illinois</placekey>
        <placekey>Indiana</placekey>
        <placekey>Iowa</placekey>
        <placekey>Kansas</placekey>
        <placekey>Kentucky</placekey>
        <placekey>Louisiana</placekey>
        <placekey>Maine</placekey>
        <placekey>Maryland</placekey>
        <placekey>Massachusetts</placekey>
        <placekey>Michigan</placekey>
        <placekey>Minnesota</placekey>
        <placekey>Mississippi</placekey>
        <placekey>Missouri</placekey>
        <placekey>Montana</placekey>
        <placekey>Nebraska</placekey>
        <placekey>Nevada</placekey>
        <placekey>New Hampshire</placekey>
        <placekey>New Jersey</placekey>
        <placekey>New Mexico</placekey>
        <placekey>New York (State)</placekey>
        <placekey>North Carolina</placekey>
        <placekey>North Dakota</placekey>
        <placekey>Ohio</placekey>
        <placekey>Oklahoma</placekey>
        <placekey>Oregon</placekey>
        <placekey>Pennsylvania</placekey>
        <placekey>Rhode Island</placekey>
        <placekey>South Carolina</placekey>
        <placekey>South Dakota</placekey>
        <placekey>Tennessee</placekey>
        <placekey>Texas</placekey>
        <placekey>Utah</placekey>
        <placekey>Vermont</placekey>
        <placekey>Virginia</placekey>
        <placekey>Washington (D.C.)</placekey>
        <placekey>Washington (State)</placekey>
        <placekey>West Virginia</placekey>
        <placekey>Wisconsin</placekey>
        <placekey>Wyoming</placekey>
        <placekey>Puerto Rico</placekey>
        <placekey>United States. Virgin Islands</placekey>
      </place>
    </keywords>
    <accconst>Use Constraints: None. Acknowledgment of the National Atlas of the United States of America would be appreciated in products derived from these data.</accconst>
    <useconst>Although these data have been processed successfully on a computer system at the U.S. Geological Survey, no warranty expressed or implied is made by the U.S. Geological Survey regarding the utility of the data on any other system, nor shall the act of distribution constitute any such warranty. No responsibility is assumed by the U.S. Geological Survey in the use of these data.</useconst>
    <ptcontac>
      <cntinfo>
        <cntorgp>
          <cntorg>Agricultural Research Service, U.S. Department of Agriculture</cntorg>
          <cntper>Kim Kaplan</cntper>
        </cntorgp>
        <cntaddr>
          <addrtype>unknown</addrtype>
          <address>10300 Baltimore Blvd</address>
          <city>Beltsville</city>
          <state>MD</state>
          <postal>20705</postal>
        </cntaddr>
        <cntvoice>301-504-1637</cntvoice>
        <cntemail>kim.kaplan@usds.gov</cntemail>
      </cntinfo>
    </ptcontac>
    <datacred>United States. Agricultural Research Service. (2006).  Spread of Africanized Honey Bees in the United States, 1990-2005. National Atlas of the United States. Available at: http://purl.stanford.edu/fj542kq9240.</datacred>
    <native>Microsoft Windows 7 Version 6.1 (Build 7601) Service Pack 1; Esri ArcGIS 10.3.1.4959</native>
  </idinfo>
  <dataqual>
    <logic>No additional checks for topological consistency were performed on this map layer.</logic>
    <lineage>
      <srcinfo>
        <srccite>
          <citeinfo>
            <pubdate>unknown</pubdate>
            <title>Spread of Africanized Honey Bees in the United States</title>
          </citeinfo>
        </srccite>
        <typesrc>None</typesrc>
        <srccitea>Spread of Africanized Honey Bees in the United States</srccitea>
        <srccontr>Source Contribution: Spatial and attribute information.Source Type Electronic mail</srccontr>
      </srcinfo>
      <srcinfo>
        <srccite>
          <citeinfo>
            <pubdate>20060101</pubdate>
            <title>Where are Africanized Honey Bees Now</title>
          </citeinfo>
        </srccite>
        <typesrc>None</typesrc>
        <srccitea>Where are Africanized Honey Bees Now</srccitea>
        <srccontr>Source Contribution: Spatial and attribute information.Source Type Electronic mail</srccontr>
      </srcinfo>
      <srcinfo>
        <srccite>
          <citeinfo>
            <pubdate>20041101</pubdate>
            <title>County Boundaries of the United States, 2001</title>
          </citeinfo>
        </srccite>
        <typesrc>None</typesrc>
        <srccitea>County Boundaries of the United States, 2001</srccitea>
        <srccontr>Source Contribution: Spatial information.Source Type Online</srccontr>
      </srcinfo>
      <srcinfo>
        <srccite>
          <citeinfo>
            <pubdate>20041201</pubdate>
            <title>Spread of Africanized Honey Bees in the United States</title>
          </citeinfo>
        </srccite>
        <typesrc>None</typesrc>
        <srccitea>Spread of Africanized Honey Bees in the United States</srccitea>
        <srccontr>Source Contribution: Spatial and attribute information.Source Type Online</srccontr>
      </srcinfo>
    </lineage>
  </dataqual>
  <spdoinfo>
    <direct>Vector</direct>
    <ptvctinf>
      <sdtsterm>
        <sdtstype>GT-polygon composed of chains</sdtstype>
        <ptvctcnt>6138</ptvctcnt>
      </sdtsterm>
    </ptvctinf>
    <rastinfo>
      <rowcount>http://www.esri.com/metadata/translator/instance/null</rowcount>
      <colcount>http://www.esri.com/metadata/translator/instance/null</colcount>
    </rastinfo>
  </spdoinfo>
  <eainfo>
    <detailed>
      <enttyp>
        <enttypl>afrbeep020</enttypl>
      </enttyp>
      <attr>
        <attrlabl>FID</attrlabl>
        <attrdef>Internal feature number.</attrdef>
        <attrdefs>Esri</attrdefs>
        <attrdomv>
          <udom>Sequential unique whole numbers that are automatically generated.</udom>
        </attrdomv>
      </attr>
      <attr>
        <attrlabl>Shape</attrlabl>
        <attrdef>Feature geometry.</attrdef>
        <attrdefs>Esri</attrdefs>
        <attrdomv>
          <udom>Coordinates defining the features.</udom>
        </attrdomv>
      </attr>
      <attr>
        <attrlabl>AREA</attrlabl>
      </attr>
      <attr>
        <attrlabl>PERIMETER</attrlabl>
      </attr>
      <attr>
        <attrlabl>AFRBEEP020</attrlabl>
      </attr>
      <attr>
        <attrlabl>STATE</attrlabl>
      </attr>
      <attr>
        <attrlabl>COUNTY</attrlabl>
      </attr>
      <attr>
        <attrlabl>FIPS</attrlabl>
      </attr>
      <attr>
        <attrlabl>STATE_FIPS</attrlabl>
      </attr>
      <attr>
        <attrlabl>YEAR</attrlabl>
      </attr>
    </detailed>
  </eainfo>
  <distinfo>
    <distrib>
      <cntinfo>
        <cntorgp>
          <cntorg>Stanford Geospatial Center</cntorg>
        </cntorgp>
        <cntaddr>
          <addrtype>mailing and physical</addrtype>
          <address>Branner Earth Sciences Library</address>
          <city>Stanford</city>
          <state>California</state>
          <postal>94305</postal>
          <country>US</country>
        </cntaddr>
        <cntvoice>650-723-2746</cntvoice>
        <cntemail>brannerlibrary@stanford.edu</cntemail>
      </cntinfo>
    </distrib>
    <distliab>See access and use constraints information.</distliab>
  </distinfo>
  <metainfo>
    <metd>20151110</metd>
    <metc>
      <cntinfo>
        <cntorgp>
          <cntorg>National Atlas of the United States</cntorg>
          <cntper>Peg Rawson</cntper>
        </cntorgp>
        <cntaddr>
          <addrtype>unknown</addrtype>
          <address>MS 561</address>
          <address>12201 Sunrise Valley Dr</address>
          <city>Reston</city>
          <state>VA</state>
          <postal>20192</postal>
        </cntaddr>
        <cntvoice>703-648-4183</cntvoice>
        <cntemail>atlasmail@usgs.gov</cntemail>
      </cntinfo>
    </metc>
    <metstdn>FGDC Content Standard for Digital Geospatial Metadata</metstdn>
    <metstdv>FGDC-STD-001-1998</metstdv>
    <mettc>local time</mettc>
    <metsi>
      <metscs>None</metscs>
      <metsc>Unclassified</metsc>
    </metsi>
  </metainfo>
</metadata>
